{
  "toms_storage:unlock_glowstone": {
    "criteria": {
      "inv_changed-glowstone": "2025-10-30 22:51:32 +0000"
    },
    "done": true
  },
  "minecraft:recipes/decorations/crafting_table": {
    "criteria": {
      "unlock_right_away": "2025-10-30 22:49:33 +0000"
    },
    "done": true
  },
  "toms_storage:unlock_netherite": {
    "criteria": {
      "inv_changed-netherite": "2025-10-30 22:51:32 +0000"
    },
    "done": true
  },
  "lootr:root": {
    "criteria": {
      "always_true": "2025-10-30 22:49:33 +0000"
    },
    "done": true
  },
  "toms_storage:unlock_chest": {
    "criteria": {
      "inv_changed-chest": "2025-10-30 22:51:32 +0000"
    },
    "done": true
  },
  "tombstone:event/root": {
    "criteria": {
      "halloween": "2025-10-30 22:49:32 +0000"
    },
    "done": true
  },
  "dungeons_arise:wda_root": {
    "criteria": {
      "WDA": "2025-10-30 22:49:33 +0000"
    },
    "done": true
  },
  "toms_storage:unlock_dia_pearl": {
    "criteria": {
      "inv_changed-ender_pearl": "2025-10-30 22:51:32 +0000",
      "inv_changed-diamond": "2025-10-30 22:51:32 +0000"
    },
    "done": true
  },
  "mca:root": {
    "criteria": {
      "village_plains": "2025-10-30 22:51:32 +0000"
    },
    "done": true
  },
  "tombstone:event/halloween": {
    "criteria": {
      "coded_trigger": "2025-10-30 22:49:32 +0000"
    },
    "done": true
  },
  "minecraft:adventure/adventuring_time": {
    "criteria": {
      "minecraft:river": "2025-10-30 22:54:20 +0000",
      "minecraft:forest": "2025-10-30 22:49:33 +0000",
      "minecraft:plains": "2025-10-30 22:51:32 +0000"
    },
    "done": false
  },
  "tombstone:adventure/root": {
    "criteria": {
      "auto": "2025-10-30 22:49:33 +0000"
    },
    "done": true
  },
  "DataVersion": 3465
}